n,k,method,status,total_ms,decompose_ms,solve_ms
500,1,gauss_pivot,0,410.546300,0,410.546300
500,1,lu,0,129.597400,126.784200,2.813200
500,10,gauss_pivot,0,4086.652600,0,4086.652600
500,10,lu,0,154.776700,126.784200,27.992500
500,100,gauss_pivot,0,41264.945600,0,41264.945600
500,100,lu,0,409.642900,126.784200,282.858700
