n,k,method,status,total_ms,decompose_ms,solve_ms
500,1,gauss_pivot,0,109.200500,0,109.200500
500,1,lu,0,127.605400,126.729000,0.876400
500,10,gauss_pivot,0,1097.052000,0,1097.052000
500,10,lu,0,135.777400,126.729000,9.048400
500,100,gauss_pivot,0,10965.510000,0,10965.510000
500,100,lu,0,225.284400,126.729000,98.555400
